<?xml version="1.0" encoding="UTF-8"?><rss version="2.0"
	xmlns:content="http://purl.org/rss/1.0/modules/content/"
	xmlns:dc="http://purl.org/dc/elements/1.1/"
	xmlns:atom="http://www.w3.org/2005/Atom"
	xmlns:sy="http://purl.org/rss/1.0/modules/syndication/"
	
	>
<channel>
	<title>
	Komentar untuk Masjid Hasyim Al Hadi Mujahidin	</title>
	<atom:link href="/comments/feed/" rel="self" type="application/rss+xml" />
	<link>/</link>
	<description>Moto situs Anda bisa diletakkan di sini</description>
	<lastBuildDate>Mon, 18 Oct 2021 03:51:43 +0000</lastBuildDate>
	<sy:updatePeriod>
	hourly	</sy:updatePeriod>
	<sy:updateFrequency>
	1	</sy:updateFrequency>
	<generator>https://wordpress.org/?v=5.8.1</generator>
	<item>
		<title>
		Komentar di Halo dunia! oleh Seorang Komentator WordPress		</title>
		<link>/2021/10/18/halo-dunia/#comment-1</link>

		<dc:creator><![CDATA[Seorang Komentator WordPress]]></dc:creator>
		<pubDate>Mon, 18 Oct 2021 03:51:43 +0000</pubDate>
		<guid isPermaLink="false">/?p=1#comment-1</guid>

					<description><![CDATA[Hai, ini sebuah komentar.
Untuk mulai memoderasi, mengedit, dan menghapus komentar, silakan kunjungi laman Komentar di dasbor.
Avatar komentator diambil dari &lt;a href=&quot;https://gravatar.com&quot;&gt;Gravatar&lt;/a&gt;.]]></description>
			<content:encoded><![CDATA[<p>Hai, ini sebuah komentar.<br />
Untuk mulai memoderasi, mengedit, dan menghapus komentar, silakan kunjungi laman Komentar di dasbor.<br />
Avatar komentator diambil dari <a href="https://gravatar.com/">Gravatar</a>.</p>
]]></content:encoded>
		
			</item>
	</channel>
</rss>
