<?xml version="1.0" encoding="UTF-8"?><rss version="2.0"
	xmlns:content="http://purl.org/rss/1.0/modules/content/"
	xmlns:wfw="http://wellformedweb.org/CommentAPI/"
	xmlns:dc="http://purl.org/dc/elements/1.1/"
	xmlns:atom="http://www.w3.org/2005/Atom"
	xmlns:sy="http://purl.org/rss/1.0/modules/syndication/"
	xmlns:slash="http://purl.org/rss/1.0/modules/slash/"
	>

<channel>
	<title>Tak Berkategori &#8211; Masjid Hasyim Al Hadi Mujahidin</title>
	<atom:link href="/category/tak-berkategori/feed/" rel="self" type="application/rss+xml" />
	<link>/</link>
	<description>Moto situs Anda bisa diletakkan di sini</description>
	<lastBuildDate>Mon, 18 Oct 2021 03:51:43 +0000</lastBuildDate>
	<language>id-ID</language>
	<sy:updatePeriod>
	hourly	</sy:updatePeriod>
	<sy:updateFrequency>
	1	</sy:updateFrequency>
	<generator>https://wordpress.org/?v=5.8.1</generator>
	<item>
		<title>Halo dunia!</title>
		<link>/2021/10/18/halo-dunia/</link>
					<comments>/2021/10/18/halo-dunia/#comments</comments>
		
		<dc:creator><![CDATA[admin]]></dc:creator>
		<pubDate>Mon, 18 Oct 2021 03:51:43 +0000</pubDate>
				<category><![CDATA[Tak Berkategori]]></category>
		<guid isPermaLink="false">/?p=1</guid>

					<description><![CDATA[Selamt datang di WordPress. Ini adalah pos pertama Anda. Sunting atau hapus, kemudian mulai menulis!]]></description>
										<content:encoded><![CDATA[
<p>Selamt datang di WordPress. Ini adalah pos pertama Anda. Sunting atau hapus, kemudian mulai menulis!</p>
]]></content:encoded>
					
					<wfw:commentRss>/2021/10/18/halo-dunia/feed/</wfw:commentRss>
			<slash:comments>1</slash:comments>
		
		
			</item>
	</channel>
</rss>
